<?xml version="1.0" encoding="UTF-8"?>
<project-private xmlns="http://www.netbeans.org/ns/project-private/1">
    <editor-bookmarks xmlns="http://www.netbeans.org/ns/editor-bookmarks/2" lastBookmarkId="0"/>
    <open-files xmlns="http://www.netbeans.org/ns/projectui-open-files/2">
        <group>
            <file>file:/C:/Users/antek/Documents/Studia/JiUM/JIUM-sem5/BIN2DEC2BINConverter/src/bin2dec2binconverter/server/Server.java</file>
            <file>file:/C:/Users/antek/Documents/Studia/JiUM/JIUM-sem5/BIN2DEC2BINConverter/src/bin2dec2binconverter/server/ServerConnection.java</file>
            <file>file:/C:/Users/antek/Documents/Studia/JiUM/JIUM-sem5/BIN2DEC2BINConverter/src/bin2dec2binconverter/BIN2DEC2BINConverter.java</file>
        </group>
    </open-files>
</project-private>
